1,0,153,153,1+(5)+(3)
2,0,224,112,(2)+(2+4)
3,0,226,75,2+(2)+(6)
4,0,243,60,(2+4)+(3)
5,0,370,74,(3)+(7+0)
6,0,371,61,(3)+(7)+1
7,0,372,53,(3)+(7)+2
8,0,373,46,3+(7)+(3)
9,0,374,41,(3)+(7)+4
10,0,375,37,(3)+(7)+5
11,0,376,34,(3)+(7)+6
12,0,377,31,(3)+(7)+7
13,0,378,29,(3)+(7)+8
14,0,379,27,(3)+(7)+9
15,0,407,27,(4)+(0+7)
16,0,512,32,(5+1+2)
17,0,517,30,5+(1+7)
18,0,518,28,5+1+(8)
19,0,736,38,7+(3+6)
20,0,739,36,7+3+(9)
21,0,1125,53,((1+1)+2)+(5)
22,1,1216,55,(1+(2)+1)+(6)
23,1,1456,63,(1+4)+(5+6)
24,1,1459,60,1+(4+5)+(9)
25,1,1547,61,(1+5)+(4+7)
26,1,1674,64,(1+6)+(7+4)
27,1,1729,64,(1+7+2)+(9)
28,1,2205,78,(2)+((2)+0+5)
29,1,2240,77,((2))+((2)+4+0)
30,1,2241,74,((2))+((2)+4)+1
31,1,2242,72,2+((2)+4)+((2))
32,1,2243,70,((2))+((2)+4)+3
33,1,2244,68,((2))+((2)+4)+4
34,1,2245,66,((2))+((2)+4)+5
35,1,2246,64,((2))+((2)+4)+6
36,1,2247,62,((2))+((2)+4)+7
37,1,2248,60,(2)+((2))+(4+8)
38,1,2249,59,((2))+((2)+4)+9
39,2,2752,70,(2)+(7+5+2)
40,2,2759,68,(2)+7+(5+9)
41,2,2773,67,2+(7+7)+(3)
42,2,3259,77,3+((2))+(5+9)
43,2,3527,82,(3)+(5)+((2)+7)
44,3,3925,89,(3+9)+((2)+5)
45,3,4224,93,(4)+((2)+(2))+(4)
46,3,4225,91,4+((2)+(2))+(5)
47,3,4285,91,(4)+((2)+8)+(5)
48,3,4829,100,4+(8+(2))+(9)
49,4,4889,99,(4)+(8+8)+(9)
50,4,4913,98,(4+9+1+3)
51,4,4917,96,4+(9+1+7)
52,4,5129,98,(5+1)+((2)+9)
53,4,5832,110,(5+8+3+2)
54,4,5837,108,5+(8+3+7)
55,5,6865,124,6+(8+6+5)
56,8,9928,177,(9+9)+((2)+8)
57,10,12167,213,(1+(2)+1+6+7)
58,10,12168,209,1+((2)+1+6+8)
59,12,12896,218,(1+(2))+(8+9+6)
60,13,13824,230,(1+3+8+(2)+4)
61,13,13825,226,1+(3+8+(2)+5)
62,13,13828,223,1+3+(8+(2)+8)
63,13,13888,220,(1+3)+(8+8+8)
64,16,15625,244,(1+5+6+(2)+5)
65,16,15626,240,1+(5+6+(2)+6)
66,19,17576,266,(1+7+5+7+6)
67,19,17577,262,1+(7+5+7+7)
68,22,19683,289,(1+9+6+8+3)
69,22,19684,285,1+(9+6+8+4)
70,23,20203,288,(2)+((0+2))+((0+3))
71,23,20377,287,(2)+((0+3))+(7)+(7)
72,23,20536,285,((2))+(0+5)+((3))+(6)
73,23,20538,281,(2+0+5)+((3))+(8)
74,23,20539,277,2+(0+5)+((3))+(9)
75,23,20932,279,(2)+(0+9)+((3))+((2))
76,24,21411,281,((2+1))+(4+(1+1))
77,24,21475,278,((2+1))+(4)+(7+5)
78,24,21743,278,((2)+1)+(7+4)+((3))
79,25,21923,277,((2))+(1+9+2)+((3))
80,25,21944,274,((2+1))+(9+4)+(4)
81,26,22394,276,2+((2))+((3))+(9+4)
82,27,23276,283,2+((3))+((2)+7)+(6)
83,28,23695,285,((2))+((3))+(6+9)+(5)
84,28,23781,283,2+((3))+(7+8+1)
85,28,23786,279,((2))+((3))+(7+8)+(6)
86,28,23788,276,2+((3))+7+(8+8)
87,28,23789,273,2+((3))+(7+8)+(9)
88,31,25523,290,(2)+(5+5+(2))+((3))
89,35,27729,311,((2)+7+7+(2))+(9)
90,36,28333,314,2+(8+3)+((3)+3)
91,38,29302,322,((2)+9)+((3)+0+2)
92,39,30477,331,((3+0)+4)+(7)+(7)
93,42,32389,348,((3)+2)+(3+8+9)
94,43,32768,348,(3+(2)+7+6+8)
95,43,33280,350,((3)+3+2)+(8+0)
96,43,33281,346,((3)+3+2)+(8)+1
97,43,33282,343,((3)+3+2)+(8)+2
98,43,33283,339,((3)+3+2)+(8)+3
99,43,33284,336,((3)+3+2)+(8)+4
100,43,33285,332,((3)+3+2)+(8)+5
101,43,33286,329,((3)+3+2)+(8)+6
102,43,33287,326,((3)+3+2)+(8)+7
103,43,33288,323,((3)+3+2)+(8)+8
104,44,33289,320,((3)+3+2)+(8)+9
105,47,35512,338,((3)+5)+(5+1+(2))
106,48,36162,341,((3)+6)+1+(6)+(2)
107,49,36297,339,((3)+6)+(2)+9+(7)
108,49,36307,336,(3)+(6+(3))+(0+7)
109,49,36344,333,((3)+6)+(3+4)+(4)
110,49,36347,330,3+(6+(3))+(4)+(7)
111,49,36453,328,((3)+6)+4+(5+3)
112,49,36458,325,((3)+6)+4+5+(8)
113,49,36582,323,((3)+6)+(5)+(8)+(2)
114,49,36672,321,((3)+6)+6+(7+2)
115,49,36679,318,((3)+6)+6+7+(9)
116,50,36946,318,((3)+6)+9+(4+6)
117,54,39316,336,3+9+((3)+1+6)
118,54,39392,333,((3))+9+((3))+9+(2)
119,54,39443,331,((3))+9+(4)+4+((3))
120,59,43218,360,(4+3)+((2+1)+8)
121,67,47232,390,(4)+(7+2+(3))+((2))
122,67,47239,387,(4)+7+((2))+((3)+9)
123,69,48392,393,(4+8)+((3)+9)+(2)
124,76,53396,430,(5+(3))+((3))+(9)+(6)
125,86,59332,474,5+(9+(3)+3)+(2)
126,92,63293,502,6+((3)+(2))+(9)+((3))
127,101,68935,542,6+8+(9+(3)+5)
128,140,93312,729,(9+(3))+((3)+1+(2))
129,140,93339,723,(9+(3))+(3)+((3)+9)
130,158,103823,798,(1+(0+3)+8+(2)+3)
131,158,103824,792,1+((0+3)+8+(2)+4)
132,217,122382,927,((1+2)+(2))+((3)+8+(2))
133,217,122383,920,1+((2)+(2)+(3))+(8+(3))
134,688,216125,1612,((2+1)+6+(1+2))+(5)
135,688,216216,1601,((2+1)+6+(2+1))+(6)
136,689,216343,1590,((2+1)+6+(3))+(4+3)
137,689,216347,1579,((2+1)+6+(3))+4+(7)
138,843,238328,1727,((2)+(3)+8+3+(2)+8)
139,843,238340,1714,(2)+((3)+8+(3))+4+0
140,843,238341,1702,(2)+((3)+8+(3))+4+1
141,843,238342,1690,2+((3)+8+(3))+4+(2)
142,843,238343,1678,(2)+((3)+8+(3))+4+3
143,844,238344,1666,(2)+((3)+8+(3))+4+4
144,844,238345,1655,(2)+((3)+8+(3))+4+5
145,844,238346,1643,(2)+((3)+8+(3))+4+6
146,844,238347,1632,(2)+((3)+8+(3))+4+7
147,844,238348,1621,(2)+((3)+8+(3))+4+8
148,844,238349,1610,(2)+((3)+8+(3))+4+9
149,844,238363,1599,2+((3)+8+(3))+6+(3)
150,970,262174,1747,(2)+6+(2)+1+7+((4))
151,970,262194,1736,(2)+6+(2+1)+9+((4))
152,971,262222,1725,(2)+6+((2+2))+(2+2)
153,971,262224,1713,2+6+((2+2))+(2)+(4)
154,971,262243,1702,2+6+((2+2))+(4)+(3)
155,972,262285,1692,2+6+((2+2))+8+(5)
156,973,262374,1681,2+(6)+2+3+7+((4))
157,973,262403,1671,(2)+(6)+(2)+((4))+(0+3)
158,973,262440,1661,(2)+(6)+(2)+((4))+(4+0)
159,973,262441,1650,(2)+(6)+(2)+((4))+(4)+1
160,973,262442,1640,2+(6)+(2)+((4))+(4)+(2)
161,973,262443,1630,(2)+(6)+(2)+((4))+(4)+3
162,973,262444,1620,(2)+(6)+(2)+((4))+(4)+4
163,973,262445,1610,(2)+(6)+(2)+((4))+(4)+5
164,973,262446,1600,(2)+(6)+(2)+((4))+(4)+6
165,973,262447,1590,(2)+(6)+(2)+((4))+(4)+7
166,973,262448,1581,(2)+(6)+(2)+((4))+(4)+8
167,973,262449,1571,(2)+(6)+(2)+((4))+(4)+9
168,975,262644,1563,2+(6)+2+(6)+((4))+(4)
169,975,262684,1554,(2)+6+((2))+6+8+((4))
170,975,262713,1545,2+(6)+(2)+(7)+((1+3))
171,976,262714,1536,2+(6)+(2)+(7)+1+((4))
172,976,262734,1527,2+(6)+2+(7)+(3)+((4))
173,977,262884,1519,2+(6)+2+(8)+8+((4))
174,978,263094,1512,2+(6)+3+(0+9)+((4))
175,978,263124,1503,(2)+(6)+(3)+(1+(2))+((4))
176,979,263182,1495,(2)+6+((3+1))+(8)+((2))
177,981,263384,1488,(2+6)+(3+3)+(8)+((4))
178,981,263411,1479,((2))+(6)+(3)+((4))+((1+1))
179,981,263412,1471,((2))+(6+3)+((4))+(1+2)
180,981,263413,1463,((2))+(6+3)+((4))+1+(3)
181,981,263418,1455,((2))+6+(3)+((4))+(1+8)
182,981,263419,1447,((2))+6+(3)+((4))+1+(9)
183,981,263438,1439,((2))+(6)+(3)+((4))+(3)+(8)
184,982,263439,1431,(2+6)+(3)+((4))+(3)+(9)
185,982,263454,1424,((2))+(6+3)+((4))+5+(4)
186,982,263492,1416,(2)+6+3+((4))+(9+2)
187,982,263544,1409,(2+6+3)+5+((4))+(4)
188,985,263924,1403,(2+6)+(3)+(9)+((2))+((4))
189,986,263944,1396,2+6+(3+9)+((4))+(4)
190,986,263947,1389,2+(6+3)+(9)+((4))+(7)
191,987,264203,1383,((2))+(6)+((4))+((2)+0+3)
192,988,264352,1376,2+6+((4))+3+(5+(2))
193,988,264354,1369,(2)+(6+4+3)+5+((4))
194,988,264355,1362,(2)+6+((4))+(3+5+5)
195,988,264358,1355,(2)+6+((4))+3+(5+8)
196,988,264376,1348,2+6+((4))+(3)+(7+6)
197,989,264390,1342,((2))+6+((4))+(3+9+0)
198,989,264391,1335,((2))+6+((4))+(3+9)+1
199,989,264392,1328,2+6+((4))+(3+9)+((2))
200,989,264393,1321,((2))+6+((4))+(3+9)+3
201,989,264394,1315,((2))+6+4+(3+9)+((4))
202,989,264395,1308,((2))+6+((4))+(3+9)+5
203,989,264396,1302,((2))+6+((4))+(3+9)+6
204,989,264397,1296,((2))+6+((4))+(3+9)+7
205,989,264398,1289,(2)+6+((4))+(3+9)+(8)
206,989,264399,1283,((2))+6+((4))+(3+9)+9
207,989,264448,1277,(2+6)+((4))+(4)+(4+8)
208,989,264449,1271,((2))+(6+4)+((4))+(4)+(9)
209,989,264483,1265,(2)+(6+4)+((4))+(8+3)
210,991,264664,1260,((2))+(6)+((4))+(6+6)+(4)
211,992,264867,1255,(2)+6+((4))+(8)+(6+7)
212,992,264932,1249,((2))+(6)+((4))+(9)+(3+(2))
213,993,265013,1244,((2)+6)+(5)+((0+1+3))
214,993,265014,1238,((2)+6)+(5)+0+1+((4))
215,993,265104,1233,((2)+6)+(5+1)+((0+4))
216,994,265231,1227,((2)+6)+(5+2)+((3+1))
217,994,265234,1222,((2)+6)+(5+2)+3+((4))
218,994,265294,1216,(2)+(6)+(5+(2))+(9)+((4))
219,995,265432,1212,((2)+6)+5+((4))+(3)+((2))
220,997,265674,1207,2+(6+5)+(6+7)+((4))
221,997,265748,1202,((2)+6)+5+(7)+((4))+(8)
222,997,265749,1197,((2)+6)+(5)+7+((4))+(9)
223,1000,266240,1193,(2+6+6+2)+((4+0))
224,1000,266241,1188,(2+6+6+2)+((4))+1
225,1000,266242,1183,(2+6+6+2)+((4))+2
226,1000,266243,1178,(2+6+6+2)+((4))+3
227,1000,266244,1172,(2+6+6+2)+((4))+4
228,1000,266245,1167,(2+6+6+2)+((4))+5
229,1000,266246,1162,(2+6+6+2)+((4))+6
230,1000,266247,1157,(2+6+6+2)+((4))+7
231,1000,266248,1152,(2+6+6+2)+((4))+8
232,1000,266249,1147,(2+6+6+2)+((4))+9
233,1001,266374,1143,((2))+(6+6+3)+(7)+((4))
234,1002,266464,1138,(2)+(6+6+4)+(6)+((4))
235,1002,266624,1134,(2)+(6+6)+(6+(2))+((4))
236,1003,266643,1129,((2)+6)+(6+6)+((4))+(3)
237,1004,266974,1126,((2))+(6)+6+(9+7)+((4))
238,1009,267724,1124,(2)+(6+7)+(7+(2))+((4))
239,1011,268194,1122,2+(6)+(8+1+9)+((4))
240,1017,269254,1121,(2+6+9)+((2)+5)+((4))
241,1022,270144,1120,((2)+7+(0+1)+4)+((4))
242,1066,277441,1146,(2)+(7+7)+(4)+((4)+1)
243,1068,277714,1142,2+(7+7)+(7)+(1+(4))
244,1076,279241,1144,(2)+(7+9)+((2))+((4)+1)
245,1080,279845,1142,(2+7+9+8)+((4))+(5)
246,1091,282354,1147,2+(8)+(2)+((3))+5+((4))
247,1095,282843,1145,(2)+(8+2)+8+((4))+((3))
248,1099,283342,1142,(2+8)+((3))+3+((4))+((2))
249,1105,284112,1141,(2)+8+((4))+(1+(1+2))
250,1105,284113,1136,(2)+8+((4))+1+(1+(3))
251,1106,284133,1132,2+8+((4))+(1+(3))+(3)
252,1128,287524,1140,(2)+8+7+5+(2+(4))
253,1130,288024,1138,(2)+(8)+8+(0+2+(4))
254,1131,288249,1134,(2)+8+8+(2+(4))+(9)
255,1137,289144,1133,((2)+8+9+1+4)+((4))
256,1152,292410,1142,((2)+9)+(2+(4))+(1+0)
257,1152,292411,1137,2+(9+(2))+((4)+1+1)
258,1152,292412,1133,((2)+9)+(2+(4))+1+2
259,1152,292413,1129,((2)+9)+(2+(4))+1+3
260,1152,292414,1124,((2)+9)+(2+(4))+1+4
261,1152,292415,1120,((2)+9)+(2+(4))+1+5
262,1152,292416,1116,((2)+9)+(2+(4))+1+6
263,1152,292417,1111,((2)+9)+(2+(4))+1+7
264,1152,292418,1107,((2)+9)+(2+(4))+1+8
265,1152,292419,1103,((2)+9)+(2+(4))+1+9
266,1153,292542,1099,(2)+(9+(2))+(5)+((4)+2)
267,1199,299403,1121,((2)+9+9)+((4))+((0+3))
268,1204,300763,1122,((3)+0+0+7+6+(3))
269,1205,301573,1121,((3+0+1))+(5)+(7+(3))
270,1205,301664,1117,((3+0)+1+6)+(6)+((4))
271,1206,302239,1115,((3))+((0+2+2))+((3))+(9)
272,1207,302437,1111,(3+(0+2))+((4)+3)+(7)
273,1213,304541,1115,((3+0)+4)+(5)+((4)+1)
274,1217,306432,1118,((3))+(0+6)+((4))+((3)+2)
275,1223,309312,1124,((3+0)+9)+((3+1))+((2))
276,1224,309824,1122,((3+0)+9)+(8)+((2))+((4))
277,1235,312824,1129,(3)+((1+2)+8+2)+((4))
278,1244,314334,1130,((3))+(1+(4))+((3))+(3+4)
279,1244,314337,1126,3+(1+(4))+((3))+((3))+(7)
280,1245,314440,1123,3+1+4+(4+(4+0))
281,1245,314441,1119,3+1+((4)+4)+4+1
282,1245,314442,1115,3+1+((4)+4)+4+2
283,1245,314443,1111,3+1+((4)+4)+4+3
284,1245,314444,1107,3+1+((4)+4)+4+4
285,1245,314445,1103,3+1+((4)+4)+4+5
286,1245,314446,1099,3+1+((4)+4)+4+6
287,1245,314447,1095,3+1+((4)+4)+4+7
288,1245,314448,1091,3+1+((4)+4)+4+8
289,1245,314449,1088,3+1+((4)+4)+4+9
290,1246,314572,1084,((3+1)+4)+(5)+7+(2)
291,1246,314593,1081,((3+1)+4)+(5)+9+(3)
292,1246,314662,1077,((3+1)+4)+6+(6)+(2)
293,1246,314683,1074,((3+1)+4)+(6)+8+(3)
294,1247,314792,1070,((3+1)+4)+(7)+9+(2)
295,1247,314847,1067,((3+1)+4)+8+(4)+(7)
296,1247,314936,1063,((3))+(1+(4))+(9)+((3))+(6)
297,1248,314953,1060,((3+1)+4)+9+(5+3)
298,1248,314958,1056,((3+1)+4)+9+5+(8)
299,1274,321446,1075,((3))+(2+1+(4))+(4+6)
300,1314,324835,1082,((3))+(2)+((4))+(8+(3))+(5)
301,1325,326144,1083,((3)+2+6+1+4)+((4))
302,1335,327314,1083,((3)+(2))+(7)+((3)+1)+((4))
303,1345,328493,1084,((3))+2+8+((4))+(9+(3))
304,1345,328522,1080,3+2+8+(5+(2+2))
305,1351,329243,1079,3+2+(9)+(2+(4)+3)
306,1351,329245,1075,3+2+(9)+2+((4)+5)
307,1395,334243,1088,((3)+3)+((4)+2)+(4)+((3))
308,1399,334461,1085,3+((3))+((4)+4)+(6+1)
309,1399,334467,1082,3+((3))+((4)+4)+6+(7)
310,1419,336734,1086,(3)+((3)+6)+7+(3+(4))
311,1466,343000,1102,(3+(4)+3+0+0+0)
312,1466,343001,1099,(3+(4)+3)+0+0+1
313,1466,343002,1095,(3+(4)+3)+0+0+2
314,1466,343003,1092,3+((4)+3+0+0+3)
315,1466,343004,1088,(3+(4)+3)+0+0+4
316,1466,343005,1085,(3+(4)+3)+0+0+5
317,1466,343006,1082,(3+(4)+3)+0+0+6
318,1466,343007,1078,(3+(4)+3)+0+0+7
319,1466,343008,1075,(3+(4)+3)+0+0+8
320,1466,343009,1071,(3+(4)+3)+0+0+9
321,1467,343153,1069,(3+(4)+3)+1+(5)+(3)
322,1468,343224,1065,(3+(4)+3)+(2)+(2+4)
323,1468,343226,1062,(3+(4)+3)+(2)+2+(6)
324,1468,343243,1059,(3+(4)+3)+(2+4)+(3)
325,1470,343370,1056,(3)+((4)+3+3)+(7+0)
326,1470,343371,1053,(3)+((4)+3+3)+(7)+1
327,1470,343372,1050,(3)+((4)+3+3)+(7)+2
328,1470,343373,1046,3+((4)+3+3)+(7)+(3)
329,1470,343374,1043,(3)+((4)+3+3)+(7)+4
330,1470,343375,1040,(3)+((4)+3+3)+(7)+5
331,1470,343376,1037,(3)+((4)+3+3)+(7)+6
332,1470,343377,1034,(3)+((4)+3+3)+(7)+7
333,1470,343378,1031,(3)+((4)+3+3)+(7)+8
334,1470,343379,1028,(3)+((4)+3+3)+(7)+9
335,1471,343407,1025,(3+(4)+3)+(4)+(0+7)
336,1472,343512,1022,(3+(4)+3)+(5+1+2)
337,1472,343517,1019,(3+(4)+3)+5+(1+7)
338,1472,343518,1016,(3+(4)+3)+5+1+(8)
339,1475,343736,1013,(3+(4)+3)+7+(3+6)
340,1475,343739,1010,(3+(4)+3)+7+3+(9)
341,1476,343862,1008,(3+(4))+((3)+8)+(6)+(2)
342,1479,344234,1006,3+((4)+4)+(2)+((3)+4)
343,1485,344638,1004,(3+(4))+(4+6)+((3)+8)
344,1485,344674,1001,(3+4)+((4)+6)+(7+4)
345,1490,345264,1000,3+(4)+(5+(2))+(6+(4))
346,1498,346259,1000,3+((4)+6)+((2))+(5+9)
347,1500,346527,998,(3)+((4)+6)+(5)+((2)+7)
348,1506,347355,998,(3)+((4))+(7+(3)+5+5)
349,1511,347938,996,(3+(4))+7+(9+(3))+(8)
350,1516,348543,995,(3+4)+8+(5+(4))+((3))
351,1516,348547,993,((3))+4+8+(5+(4))+(7)
352,1535,352264,1000,3+(5+(2)+(2))+(6+(4))
353,1535,352288,997,((3))+(5+(2+2))+(8+8)
354,1543,353214,997,((3))+(5+(3))+(2+1+(4))
355,1549,353744,996,3+5+((3)+7)+((4)+4)
356,1550,353943,994,((3))+(5+(3))+(9)+((4)+3)
357,1577,358047,1002,3+(5)+8+((0+4)+7)
358,1581,358647,1001,3+5+(8)+(6)+((4)+7)
359,1582,358774,999,3+5+(8)+(7)+(7+(4))
360,1584,359274,997,(3)+5+(9+2)+(7+(4))
361,1586,359544,995,((3)+5+9+5)+((4))+(4)
362,1616,364411,1006,((3))+(6+(4))+(4+(1+1))
363,1617,364450,1003,((3)+6)+4+((4)+5+0)
364,1617,364451,1001,((3)+6)+4+((4)+5)+1
365,1617,364452,998,((3)+6)+4+((4)+5)+2
366,1617,364453,995,((3)+6)+4+((4)+5)+3
367,1617,364454,993,((3)+6)+4+((4)+5)+4
368,1617,364455,990,((3)+6)+4+((4)+5)+5
369,1617,364456,987,((3)+6)+4+((4)+5)+6
370,1617,364457,985,((3)+6)+4+((4)+5)+7
371,1617,364458,982,((3)+6)+4+((4)+5)+8
372,1617,364459,979,((3)+6)+4+((4)+5)+9
373,1617,364475,977,((3))+(6+(4))+(4)+(7+5)
374,1621,364944,975,((3))+(6+(4))+(9+4)+(4)
375,1624,365446,974,((3)+6)+(5+(4))+(4+6)
376,1627,365974,973,((3)+6+5+9)+7+((4))
377,1671,373544,990,((3))+(7+(3))+(5)+((4)+4)
378,1676,374196,989,3+(7+(4)+1)+(9)+(6)
379,1677,374262,987,(3+7)+((4)+(2))+6+(2)
380,1677,374282,984,3+7+((4)+(2))+(8)+((2))
381,1677,374283,982,(3+7)+((4)+(2))+8+(3)
382,1677,374312,979,(3+7)+(4)+((3+1)+(2))
383,1682,374824,978,(3+7)+((4)+8)+((2))+(4)
384,1682,374885,976,(3+7)+((4)+8)+(8)+(5)
385,1705,378574,983,((3))+(7)+(8)+(5)+(7+(4))
386,1716,381248,987,(3+8+1+(2))+((4)+8)
387,1733,383445,990,((3)+8+3)+(4)+((4)+5)
388,1778,391214,1008,(3+9+1)+((2)+1+(4))
389,1795,393452,1011,((3))+9+(3+(4)+5)+((2))
390,1800,393984,1010,((3)+9)+((3)+9+8)+((4))
391,1801,394172,1008,((3))+(9)+((4)+1+7)+((2))
392,1850,405232,1033,((4+0)+5+2+3)+(2)
393,1851,405565,1031,((4+0)+5+5)+(6)+(5)
394,1852,406224,1031,(4+0+6)+((2)+2+(4))
395,1858,409212,1035,((4+0)+9)+((2+1))+((2))
396,1858,409213,1033,((4+0)+9)+((2))+1+((3))
397,1859,409493,1031,(4)+(0+9)+((4)+9)+((3))
398,1888,416123,1045,((4)+1+6+1)+((2)+(3))
399,1906,420336,1053,((4))+((2))+((0+3)+(3))+(6)
400,1906,420339,1050,((4))+2+((0+3)+(3))+(9)
401,1913,421892,1052,((4)+2+1+8)+9+(2)
402,1914,421941,1049,(4)+2+(1+9+(4)+1)
403,1914,421942,1047,(4)+2+1+(9+(4)+2)
404,1931,423233,1047,((4)+(2)+3)+((2)+3)+(3)
405,1931,423234,1045,((4)+(2))+((3))+((2))+((3)+4)
406,1941,423901,1044,((4)+(2))+((3)+9+0+1)
407,1953,424913,1044,4+2+((4)+9+1)+((3))
408,1983,428336,1049,((4)+(2))+(8+(3)+3)+(6)
409,1997,429875,1051,((4)+2+9)+(8+7+5)
410,2064,437248,1066,(4+(3)+7+2)+((4)+8)
411,2079,439003,1068,((4)+3+9)+(0+0+3)
412,2079,439040,1065,(4)+(3+9+(0+4+0))
413,2079,439041,1063,(4)+(3+9+(0+4))+1
414,2079,439042,1060,(4)+(3+9+(0+4))+2
415,2079,439043,1057,(4)+(3+9+(0+4))+3
416,2079,439044,1055,4+(3+9+(0+4))+(4)
417,2079,439045,1052,(4)+(3+9+(0+4))+5
418,2079,439046,1050,(4)+(3+9+(0+4))+6
419,2079,439047,1047,(4)+(3+9+(0+4))+7
420,2079,439048,1045,(4)+(3+9+(0+4))+8
421,2079,439049,1042,(4)+(3+9+(0+4))+9
422,2080,439264,1040,((4)+3+9)+(2)+(6)+(4)
423,2082,439373,1038,((4)+3+9)+(3)+(7)+(3)
424,2083,439447,1036,(4)+(3+9+(4))+(4)+(7)
425,2085,439712,1034,((4)+3+9)+7+(1+(2))
426,2085,439739,1032,((4)+3+9)+7+(3)+(9)
427,2087,439955,1030,((4)+3+9)+(9)+(5)+(5)
428,2100,442378,1033,((4)+4+(2))+(3)+(7+8)
429,2118,443831,1034,4+((4)+3+8)+((3)+1)
430,2212,456542,1061,4+5+(6+5+(4)+2)
431,2212,456548,1059,4+5+6+(5+(4)+8)
432,2213,456722,1057,(4)+(5)+(6+7+(2+2))
433,2226,458855,1059,((4)+5+8)+(8+5)+(5)
434,2226,458946,1057,((4)+5+8)+(9+4)+(6)
435,2324,474563,1090,4+7+((4)+5+6+3)
436,2325,474741,1088,(4)+(7+(4)+7)+(4+1)
437,2325,474744,1086,(4)+(7+(4)+7)+(4)+(4)
438,2325,474745,1083,4+(7+(4)+7)+(4)+(5)
439,2329,475281,1082,((4)+7+5+2)+(8+1)
440,2329,475289,1080,((4)+7+5+2)+8+(9)
441,2334,476232,1079,((4)+7+6)+(2)+((3))+(2)
442,2335,476341,1077,((4)+7+6)+((3))+(4+1)
443,2335,476344,1075,((4)+7+6)+((3))+(4)+(4)
444,2335,476345,1072,((4)+7+6)+((3))+4+(5)
445,2336,476436,1070,4+(7+6+(4))+((3))+(6)
446,2339,476853,1069,((4)+7+6)+(8)+(5)+((3))
447,2438,493043,1103,4+(9+3+(0+4)+3)
448,2460,495847,1106,(4)+(9+5)+(8+(4)+7)
449,2463,496295,1105,((4)+9+6)+((2))+(9+5)
450,2464,496478,1103,(4)+(9+6+(4))+(7+8)
451,2512,512224,1135,(5+1)+(2)+((2)+(2)+(4))
452,2513,512243,1133,(5+1)+((2)+(2)+(4))+(3)
453,2517,512847,1132,(5)+((1+2))+(8+(4)+7)
454,2589,524301,1154,5+(2)+((4))+((3+0+1))
455,2589,524304,1152,5+(2)+((4))+3+((0+4))
456,2589,524322,1149,5+2+((4))+(3)+((2+2))
457,2589,524324,1147,5+2+((4))+(3)+2+((4))
458,2591,524432,1145,(5)+(2)+((4))+((4))+3+(2)
459,2592,524453,1142,5+(2)+((4))+((4))+(5)+(3)
460,2592,524494,1140,(5)+(2)+((4))+((4))+9+(4)
461,2593,524540,1137,(5)+2+((4))+(5)+((4+0))
462,2593,524541,1135,(5)+2+((4))+(5)+((4))+1
463,2593,524542,1132,(5)+2+((4))+(5)+((4))+2
464,2593,524543,1130,(5)+2+((4))+(5)+((4))+3
465,2593,524544,1128,(5)+2+((4))+(5)+((4))+4
466,2593,524545,1125,5+2+((4))+(5)+((4))+(5)
467,2593,524546,1123,(5)+2+((4))+(5)+((4))+6
468,2593,524547,1120,(5)+2+((4))+(5)+((4))+7
469,2593,524548,1118,(5)+2+((4))+(5)+((4))+8
470,2593,524549,1116,(5)+2+((4))+(5)+((4))+9
471,2594,524631,1113,(5)+2+((4))+(6)+((3+1))
472,2594,524634,1111,(5)+2+((4))+(6)+3+((4))
473,2595,524764,1109,(5)+2+((4))+(7)+6+((4))
474,2596,524813,1107,5+((2))+((4))+8+((1+3))
475,2596,524814,1104,5+((2))+((4))+8+1+((4))
476,2596,524834,1102,5+2+((4))+(8)+(3)+((4))
477,2597,524942,1100,(5)+((2))+((4))+9+((4))+(2)
478,2602,525442,1099,5+((2))+(5)+((4))+((4))+((2))
479,2610,526494,1099,(5+2+6)+((4))+9+((4))
480,2645,531566,1107,(5)+((3+1)+5+6+6)
481,2702,537144,1116,5+(3)+(7)+(1+(4))+((4))
482,2758,543994,1128,5+((4))+((3))+9+9+((4))
483,2758,544123,1126,(5)+((4))+((4))+((1+2))+(3)
484,2761,544327,1124,5+((4))+((4))+((3))+(2)+(7)
485,2814,551493,1137,(5)+(5+1+(4)+9+3)
486,2814,551498,1134,5+(5)+(1+(4)+9+8)
487,2814,551499,1132,5+(5)+1+((4)+9+9)
488,2890,563464,1154,(5)+(6)+(3+(4))+(6)+((4))
489,3153,614125,1255,(6+1+(4)+1+(2)+5)
490,3388,643763,1313,(6+(4))+((3)+7+6+(3))
491,3398,644573,1312,(6+(4))+((4))+(5)+(7+(3))
492,3454,652494,1326,(6+5)+2+((4)+9)+((4))
493,3498,658724,1336,(6)+5+(8+7+(2)+(4))
494,3593,674234,1364,(6)+7+((4)+(2))+(3+(4))
495,3635,681472,1376,(6+8+1+(4)+7+2)
496,3635,681478,1373,6+(8+1+(4)+7+8)
497,3657,684243,1376,(6)+8+((4))+((2)+(4)+3)
498,3942,734245,1474,(7+3+(4))+((2))+((4)+5)
499,4053,746942,1496,(7+(4))+6+(9+(4))+(2)
500,4102,754043,1508,(7)+(5)+4+((0+4)+(3))
501,4104,754312,1505,7+5+((4)+(3))+(1+(2))
502,4104,754334,1502,7+(5+4)+(3)+((3)+(4))
503,4104,754339,1499,7+5+((4)+(3))+(3)+(9)
504,4112,755304,1498,(7+5)+5+((3)+(0+4))
505,4113,755432,1495,(7+5)+(5)+((4)+(3))+(2)
506,4262,779431,1540,7+7+(9)+((4)+(3)+1)
507,4352,794248,1566,7+(9+(4))+(2+(4)+8)
508,4583,834274,1642,(8+3+(4)+(2))+(7)+((4))
509,4940,884736,1738,(8+8+(4)+7+3+6)
510,5277,941192,1845,(9+(4)+(1+1)+9+(2))
511,5288,942437,1844,(9)+4+((2))+((4)+(3)+7)
512,5610,991144,1935,(9+9+(1+1)+(4))+((4))
5669
